<?xml version='1.0' encoding='UTF-8'?>
<package uuid="assignment_soro_grp9-897376" version="0.0.0">
 <names>
  <name lang="en_US">Untitled</name>
 </names>
 <supportedLanguages>
  <language>en_US</language>
 </supportedLanguages>
 <descriptionLanguages>
  <language>en_US</language>
 </descriptionLanguages>
 <contents>
  <behaviorContent path="behavior_1">
   <userRequestable/>
   <nature>interactive</nature>
   <permissions/>
  </behaviorContent>
  <dialogContent typeVersion="1.0" topicName="Assistance">
   <topic language="en_US" path="Assistance/Assistance_enu.top"/>
  </dialogContent>
 </contents>
</package>
